{"cameraMode":{"drawMode":0,"name":"Shaded","section":"Shading Mode"},"sceneLighting":true,"audioPlay":false,"sceneViewState":{"showFog":true,"showMaterialUpdate":false,"showSkybox":false,"showFlares":true,"showImageEffects":true,"showParticleSystems":true},"in2DMode":false,"pivot":{"x":-15.303771018981934,"y":0.8941177129745483,"z":0.05241799354553223},"rotation":{"x":-0.0002001642424147576,"y":0.9910516142845154,"z":-0.0014857936184853316,"w":-0.1334710270166397},"size":3.019371747970581,"orthographic":false}