{"cameraMode":{"drawMode":0,"name":"Shaded","section":"Shading Mode"},"sceneLighting":true,"audioPlay":false,"sceneViewState":{"showFog":true,"showMaterialUpdate":false,"showSkybox":false,"showFlares":true,"showImageEffects":true,"showParticleSystems":true},"in2DMode":false,"pivot":{"x":-6.275030136108398,"y":2.9060001373291017,"z":-3.1269025802612306},"rotation":{"x":-0.0002001642424147576,"y":0.9910516142845154,"z":-0.0014857936184853316,"w":-0.1334710270166397},"size":NaN,"orthographic":false}