{"cameraMode":{"drawMode":0,"name":"Shaded","section":"Shading Mode"},"sceneLighting":true,"audioPlay":false,"sceneViewState":{"showFog":true,"showMaterialUpdate":false,"showSkybox":false,"showFlares":true,"showImageEffects":true,"showParticleSystems":true},"in2DMode":false,"pivot":{"x":-15.48592758178711,"y":0.5655608177185059,"z":0.9428583383560181},"rotation":{"x":-0.04456406459212303,"y":0.6873777508735657,"z":0.042327653616666797,"w":0.723694920539856},"size":2.4541449546813967,"orthographic":false}