{"cameraMode":{"drawMode":0,"name":"Shaded","section":"Shading Mode"},"sceneLighting":true,"audioPlay":false,"sceneViewState":{"showFog":true,"showMaterialUpdate":false,"showSkybox":false,"showFlares":true,"showImageEffects":true,"showParticleSystems":true},"in2DMode":false,"pivot":{"x":-12.62571907043457,"y":2.0075063705444338,"z":1.3965327739715577},"rotation":{"x":-0.04020529240369797,"y":-0.6139949560165405,"z":0.031341079622507098,"w":-0.7876620888710022},"size":2.8773443698883058,"orthographic":false}