{"cameraMode":{"drawMode":0,"name":"Shaded","section":"Shading Mode"},"sceneLighting":true,"audioPlay":false,"sceneViewState":{"showFog":true,"showMaterialUpdate":false,"showSkybox":true,"showFlares":true,"showImageEffects":true,"showParticleSystems":true},"in2DMode":false,"pivot":{"x":-18.52553939819336,"y":1.0171735286712647,"z":2.903512954711914},"rotation":{"x":-0.013791300356388092,"y":-0.050377704203128818,"z":0.0006957704317755997,"w":-0.9986348152160645},"size":4.73092794418335,"orthographic":false}