{"cameraMode":{"drawMode":0,"name":"Shaded","section":"Shading Mode"},"sceneLighting":false,"audioPlay":false,"sceneViewState":{"showFog":true,"showMaterialUpdate":false,"showSkybox":true,"showFlares":true,"showImageEffects":true,"showParticleSystems":true},"in2DMode":false,"pivot":{"x":-14.47499942779541,"y":1.2744499444961548,"z":-0.15529999136924745},"rotation":{"x":0.2650892436504364,"y":0.05894866958260536,"z":-0.01623867265880108,"w":0.9622833132743836},"size":4.680606365203857,"orthographic":false}