{"cameraMode":{"drawMode":0,"name":"Shaded","section":"Shading Mode"},"sceneLighting":false,"audioPlay":false,"sceneViewState":{"showFog":true,"showMaterialUpdate":false,"showSkybox":true,"showFlares":true,"showImageEffects":true,"showParticleSystems":true},"in2DMode":false,"pivot":{"x":-36.417144775390628,"y":16.784597396850587,"z":-4.750750541687012},"rotation":{"x":-0.03097914345562458,"y":0.5209882855415344,"z":-0.01892557553946972,"w":-0.8527914881706238},"size":64.6192626953125,"orthographic":false}