{"cameraMode":{"drawMode":0,"name":"Shaded","section":"Shading Mode"},"sceneLighting":false,"audioPlay":false,"sceneViewState":{"showFog":true,"showMaterialUpdate":false,"showSkybox":true,"showFlares":true,"showImageEffects":true,"showParticleSystems":true},"in2DMode":false,"pivot":{"x":-4.6020002365112309,"y":1.500500202178955,"z":1.2452993392944337},"rotation":{"x":0.2650892436504364,"y":0.05894866958260536,"z":-0.01623867265880108,"w":0.9622833132743836},"size":7.0092902183532719,"orthographic":false}