{"cameraMode":{"drawMode":0,"name":"Shaded","section":"Shading Mode"},"sceneLighting":false,"audioPlay":false,"sceneViewState":{"showFog":true,"showMaterialUpdate":false,"showSkybox":true,"showFlares":true,"showImageEffects":true,"showParticleSystems":true},"in2DMode":false,"pivot":{"x":15.006324768066407,"y":5.470832824707031,"z":83.57273864746094},"rotation":{"x":0.27216023206710818,"y":0.277530699968338,"z":-0.08230839669704437,"w":0.9176769256591797},"size":304.61785888671877,"orthographic":false}