{"cameraMode":{"drawMode":0,"name":"Shaded","section":"Shading Mode"},"sceneLighting":true,"audioPlay":false,"sceneViewState":{"showFog":true,"showMaterialUpdate":false,"showSkybox":true,"showFlares":true,"showImageEffects":true,"showParticleSystems":true},"in2DMode":false,"pivot":{"x":-6.091067790985107,"y":0.7046211957931519,"z":1.5114798545837403},"rotation":{"x":-0.1548798382282257,"y":-0.21362422406673432,"z":0.034323688596487048,"w":-0.9639496207237244},"size":7.053534030914307,"orthographic":false}