{"cameraMode":{"drawMode":0,"name":"Shaded","section":"Shading Mode"},"sceneLighting":false,"audioPlay":false,"sceneViewState":{"showFog":true,"showMaterialUpdate":false,"showSkybox":true,"showFlares":true,"showImageEffects":true,"showParticleSystems":true},"in2DMode":false,"pivot":{"x":7.9236907958984379,"y":-10.723278045654297,"z":3.2946834564208986},"rotation":{"x":0.11405922472476959,"y":-0.0077673159539699558,"z":0.00089163554366678,"w":0.9934431910514832},"size":33.55341720581055,"orthographic":false}