{"cameraMode":{"drawMode":0,"name":"Shaded","section":"Shading Mode"},"sceneLighting":true,"audioPlay":false,"sceneViewState":{"showFog":true,"showMaterialUpdate":false,"showSkybox":true,"showFlares":true,"showImageEffects":true,"showParticleSystems":true},"in2DMode":false,"pivot":{"x":-20.049999237060548,"y":1.6634080410003663,"z":0.6200000047683716},"rotation":{"x":0.05569714307785034,"y":0.31892842054367068,"z":-0.018778333440423013,"w":0.9459545016288757},"size":22.0,"orthographic":false}